Student_ID,School_Name,Math,Science,English,History
113113,Greenwich,88,75,68,73
244195,Greenwich,74,66,84,68
217027,Greenwich,80,88,60,83
385930,Greenwich,82,61,69,84
115623,Greenwich,95,89,60,94
364952,Greenwich,81,91,60,95
113913,Greenwich,61,67,62,73
394255,Greenwich,83,81,77,77
278390,Greenwich,87,74,81,85
245685,Greenwich,75,79,84,63
153588,Greenwich,66,78,63,88
150708,Greenwich,98,99,80,75
280332,Greenwich,63,70,96,88
122781,Greenwich,73,91,85,75
200815,Greenwich,73,84,75,95
136467,Greenwich,76,95,79,72
219485,Greenwich,99,68,87,75
152954,Greenwich,63,76,84,74
291278,Greenwich,93,88,74,87
189726,Greenwich,73,76,92,74
298944,Greenwich,77,80,73,67
215142,Greenwich,84,96,89,96
220088,Greenwich,60,72,71,85
240374,Greenwich,83,99,99,96
264982,Greenwich,70,89,70,72
211478,Greenwich,76,71,93,99
361741,Greenwich,67,69,69,87
238874,Greenwich,64,76,83,91
394319,Greenwich,66,71,86,72
289791,Greenwich,92,97,81,92
106020,Greenwich,98,74,70,73
381528,Greenwich,68,91,90,86
158486,Greenwich,85,83,77,75
182921,Greenwich,98,79,90,88
101702,Greenwich,63,92,61,85
269952,Greenwich,87,88,77,75
290307,Greenwich,70,97,79,89
225542,Greenwich,84,61,85,73
141292,Greenwich,86,97,64,91
354799,Greenwich,62,79,60,80
238967,Greenwich,83,94,80,60
205462,Greenwich,71,94,79,98
295780,Greenwich,62,70,89,82
217807,Greenwich,82,73,70,98
390415,Greenwich,60,91,75,88
103771,Greenwich,85,62,83,72
220032,Greenwich,91,80,75,63
116470,Greenwich,70,78,60,87
137150,Greenwich,97,63,94,89
246003,Greenwich,93,61,76,79
354497,Greenwich,65,69,98,87
150820,Greenwich,95,80,85,61
285754,Greenwich,85,63,61,97
315536,Greenwich,78,97,89,87
128402,Greenwich,91,73,66,61
131779,Greenwich,92,91,68,70
311090,Greenwich,99,70,81,69
381169,Greenwich,87,80,95,79
230971,Greenwich,75,60,98,78
187195,Greenwich,78,88,98,91
212066,Greenwich,83,74,85,76
338556,Greenwich,79,85,69,99
255561,Greenwich,77,61,72,78
378464,Greenwich,79,99,69,76
311695,Greenwich,89,82,66,69
398674,Greenwich,97,68,84,86
396342,Greenwich,80,90,92,93
374089,Greenwich,89,67,65,75
265768,Greenwich,88,70,95,87
365230,Greenwich,80,74,97,60
249416,Greenwich,90,99,60,98
104102,Greenwich,82,89,79,64
390772,Greenwich,61,69,69,96
156118,Greenwich,92,95,69,78
206744,Greenwich,83,97,74,74
238404,Greenwich,72,83,87,72
356132,Greenwich,95,81,82,81
123115,Greenwich,71,64,87,78
101859,Greenwich,82,97,91,96
237341,Greenwich,93,83,76,63
184716,Greenwich,61,94,68,81
324232,Greenwich,81,60,80,93
158655,Greenwich,81,93,65,62
261617,Greenwich,89,74,95,65
291183,Greenwich,94,98,84,73
230826,Greenwich,89,68,82,76
285430,Greenwich,76,79,69,99
315857,Greenwich,93,66,71,82
120303,Greenwich,98,84,69,81
346778,Greenwich,64,91,64,82
260008,Greenwich,85,65,79,76
219326,Greenwich,75,78,80,78
216877,Greenwich,96,72,77,89
201256,Greenwich,88,73,93,74
284102,Greenwich,71,72,65,91
309547,Greenwich,85,97,63,99
160473,Greenwich,95,62,78,92
193621,Greenwich,89,62,88,98
120058,Greenwich,82,75,75,72
264458,Greenwich,93,67,70,87
160632,Greenwich,78,73,81,95
203304,Greenwich,87,84,61,85
273120,Greenwich,83,98,87,72
165340,Greenwich,94,63,94,79
257456,Greenwich,92,72,72,73
314116,Greenwich,71,76,91,84
298782,Greenwich,71,67,96,67
191241,Greenwich,90,86,60,87
268952,Greenwich,85,75,75,77
331624,Greenwich,66,77,61,78
348086,Greenwich,95,72,77,61
188968,Greenwich,84,91,79,67
248786,Greenwich,95,89,93,84
177256,Greenwich,77,78,87,74
124230,Greenwich,91,68,90,70
301316,Greenwich,82,60,73,76
177370,Greenwich,76,75,71,63
102908,Greenwich,79,68,96,94
343558,Greenwich,71,67,67,80
339318,Greenwich,87,99,89,80
393038,Greenwich,75,76,63,94
266356,Greenwich,64,92,70,99
183445,Greenwich,82,82,72,83
235892,Greenwich,98,97,72,97
229625,Greenwich,73,96,98,67
373312,Greenwich,64,94,78,61
225434,Greenwich,82,83,78,72
249804,Greenwich,71,78,61,96
179079,Greenwich,68,61,74,88
221248,Greenwich,86,97,91,67
344279,Greenwich,81,95,91,86
103092,Greenwich,98,71,89,88
256560,Greenwich,69,83,74,95
215626,Greenwich,72,68,89,68
276229,Greenwich,72,62,90,92
311979,Greenwich,87,83,84,83
324717,Greenwich,96,62,93,66
195279,Greenwich,78,74,84,60
126364,Greenwich,79,94,67,70
298760,Greenwich,73,85,74,79
276948,Greenwich,75,71,73,89
245887,Greenwich,70,63,77,86
321022,Greenwich,71,82,77,78
135976,Greenwich,67,81,66,87
179893,Greenwich,87,84,71,72
159974,Greenwich,76,65,62,64
214277,Greenwich,92,63,98,82
185861,Greenwich,94,81,75,65
113463,Greenwich,64,62,87,71
263556,Greenwich,84,99,86,61
296769,Greenwich,61,69,76,94
203982,Greenwich,89,67,95,76
227324,Greenwich,92,64,77,87
163468,Greenwich,91,88,99,66
396712,Greenwich,70,64,74,74
294286,Greenwich,86,89,69,89
357007,Greenwich,80,72,89,72
343728,Greenwich,69,60,73,72
268981,Greenwich,76,96,84,75
227855,Greenwich,72,76,78,60
276369,Greenwich,91,75,75,77
115048,Greenwich,93,67,92,89
359159,Greenwich,87,76,61,72
355617,Greenwich,98,72,85,61
105323,Greenwich,89,67,83,89
200169,Greenwich,82,86,78,97
226541,Greenwich,96,90,93,89
357332,Greenwich,97,84,67,85
254265,Greenwich,77,85,73,61
260541,Greenwich,93,77,91,73
293473,Greenwich,97,63,92,99
348125,Greenwich,92,76,85,84
323087,Greenwich,76,66,91,97
231808,Greenwich,76,79,70,89
200970,Greenwich,64,91,69,98
197072,Greenwich,72,66,60,92
128588,Greenwich,80,61,69,63
357362,Greenwich,81,83,96,76
278629,Greenwich,93,66,68,80
357817,Greenwich,76,64,89,80
178223,Greenwich,67,82,77,83
218326,Greenwich,73,91,91,90
182344,Greenwich,69,63,74,87
225759,Greenwich,98,76,91,85
191129,Greenwich,76,78,65,82
117113,Greenwich,63,81,93,95
221361,Greenwich,69,70,74,69
248226,Greenwich,77,62,78,97
338044,Greenwich,95,68,74,88
238703,Greenwich,67,73,96,64
174573,Greenwich,96,82,91,93
137440,Greenwich,92,89,65,81
131268,Greenwich,81,84,73,73
261278,Greenwich,65,93,83,98
398429,Greenwich,65,84,72,85
358891,Greenwich,99,70,95,86
326508,Greenwich,90,81,88,74
268990,Greenwich,65,66,63,84
231265,Greenwich,61,76,69,81
220023,Greenwich,70,77,62,82
110877,Greenwich,63,70,61,98
372087,Greenwich,61,75,94,93
328530,Greenwich,85,63,60,68
314093,Greenwich,78,86,74,68
274750,Greenwich,79,74,67,67
359769,Greenwich,73,76,97,91
309953,Greenwich,96,95,78,78
232330,Greenwich,65,95,90,87
160777,Greenwich,64,88,83,86
128419,Greenwich,79,69,86,67
329700,Greenwich,90,88,83,81
115136,Greenwich,70,65,63,63
262923,Greenwich,71,81,92,83
389539,Greenwich,60,77,69,84
217808,Greenwich,88,89,87,74
161587,Greenwich,96,93,84,60
361293,Greenwich,89,88,61,68
253020,Greenwich,94,95,83,65
389022,Greenwich,84,74,89,97
199935,Greenwich,99,91,74,80
136601,Greenwich,99,64,63,94
366201,Greenwich,92,96,70,89
382372,Greenwich,73,66,70,88
389364,Greenwich,65,90,65,77
384914,Greenwich,65,94,72,96
297767,Greenwich,62,80,81,97
268705,Greenwich,67,78,81,70
300788,Greenwich,89,69,64,62
347976,Greenwich,97,91,69,78
179747,Greenwich,86,98,80,86
119409,Greenwich,63,83,60,95
166190,Greenwich,81,60,60,71
274061,Greenwich,69,80,97,93
375750,Greenwich,97,71,87,91
108047,Greenwich,90,76,96,99
250670,Greenwich,70,86,95,95
257007,Greenwich,71,84,74,67
124113,Greenwich,72,69,75,61
176321,Greenwich,95,79,93,89
316034,Greenwich,96,93,83,96
175035,Greenwich,70,85,86,61
221734,Greenwich,82,68,81,95
340948,Greenwich,80,93,86,60
233865,Greenwich,85,79,71,72
104927,Greenwich,95,98,90,74
250802,Greenwich,60,60,91,93
322461,Greenwich,85,61,86,68
155918,Greenwich,66,98,70,77
224365,Greenwich,77,83,89,84
299945,Greenwich,86,80,94,94
255123,Greenwich,76,96,86,98
111503,Greenwich,84,83,94,67
250049,Greenwich,81,95,95,76
284718,Greenwich,87,81,76,81
199684,Greenwich,66,75,81,77
171712,Greenwich,79,84,60,96
261970,Greenwich,87,95,61,61
117493,Greenwich,66,77,99,86
291293,Greenwich,60,97,97,90
168898,Greenwich,91,62,80,95
192086,Greenwich,91,63,75,75
363085,Greenwich,99,73,83,78
352628,Greenwich,73,76,78,98
139479,Greenwich,63,74,81,83
308359,Greenwich,88,64,61,85
238653,Greenwich,78,92,70,86
237449,Greenwich,91,78,87,81
271970,Greenwich,67,68,90,79
216061,Greenwich,96,88,71,66
337840,Greenwich,77,70,62,93
294517,Greenwich,66,88,91,67
356559,Greenwich,78,60,87,73
313971,Greenwich,78,60,63,98
117153,Greenwich,88,61,76,91
213912,Greenwich,61,79,69,87
332461,Greenwich,60,65,82,84
290152,Greenwich,70,92,94,95
152091,Greenwich,61,62,90,62
199515,Greenwich,97,68,84,93
164047,Greenwich,89,98,92,94
126518,Greenwich,83,72,73,97
166021,Greenwich,89,87,81,73
396002,Greenwich,82,81,62,73
207587,Greenwich,91,78,82,73
135972,Greenwich,76,67,80,84
390565,Greenwich,76,67,82,95
213221,Greenwich,68,85,80,74
168154,Greenwich,63,98,83,69
231415,Greenwich,88,74,88,93
191487,Greenwich,93,90,62,87
157634,Greenwich,82,73,60,86
107792,Greenwich,65,86,73,92
159585,Greenwich,82,67,88,70
335026,Greenwich,86,98,90,72
369085,Greenwich,65,84,90,79
157176,Greenwich,86,71,84,92
216156,Greenwich,71,71,69,88
122736,Greenwich,66,96,83,99
131891,Greenwich,87,63,93,81
351125,Greenwich,61,70,87,69
310564,Greenwich,60,91,78,69
323491,Greenwich,95,66,82,88
142358,Greenwich,99,87,92,85
177770,Greenwich,95,84,62,80
134437,Greenwich,98,88,66,76
166161,Greenwich,99,78,83,99
387497,Greenwich,93,95,82,99
378165,Greenwich,64,94,91,76
325481,Greenwich,85,84,64,90
309050,Greenwich,60,81,60,74
296242,Greenwich,96,86,79,62
168218,Greenwich,75,66,62,81
272830,Greenwich,80,83,73,70
154317,Greenwich,84,75,80,70
160233,Greenwich,82,89,67,64
246050,Greenwich,85,89,96,70
324979,Greenwich,81,70,84,94
391892,Greenwich,73,71,92,81
243273,Greenwich,82,66,65,94
278728,Greenwich,85,96,63,80
263388,Greenwich,74,86,91,96
182529,Greenwich,77,92,92,65
243219,Greenwich,77,96,93,89
368618,Greenwich,91,90,79,79
158139,Greenwich,88,63,75,61
307232,Greenwich,64,84,80,64
128722,Greenwich,60,80,81,88
258031,Greenwich,73,73,68,91
251754,Greenwich,96,87,75,81
104053,Greenwich,74,91,60,71
325788,Greenwich,74,82,65,76
299339,Greenwich,71,69,77,77
379227,Greenwich,96,98,77,77
392933,Greenwich,98,88,67,75
308180,Greenwich,72,69,64,76
264134,Greenwich,79,71,77,80
146206,Greenwich,79,67,88,79
309952,Greenwich,62,68,86,92
159783,Greenwich,70,60,77,66
283174,Greenwich,68,84,95,82
284078,Greenwich,62,71,76,63
177433,Greenwich,84,84,93,97
153900,Greenwich,71,85,64,64
176779,Greenwich,68,73,73,82
234202,Greenwich,74,95,62,99
139507,Greenwich,70,84,82,72
135802,Greenwich,72,91,95,61
258766,Greenwich,72,92,91,77
250512,Greenwich,65,64,83,67
342595,Greenwich,87,61,68,61
390622,Greenwich,92,69,65,80
399713,Greenwich,95,70,75,95
179095,Greenwich,90,73,96,70
280061,Greenwich,89,82,91,94
374763,Greenwich,72,78,92,84
374071,Greenwich,88,87,88,79
183229,Greenwich,71,96,64,87
275453,Greenwich,90,72,95,93
302671,Greenwich,78,94,88,64
297489,Greenwich,91,89,95,76
167001,Greenwich,63,77,92,95
366595,Greenwich,81,80,92,73
109559,Greenwich,69,82,72,65
194510,Greenwich,85,83,96,71
212299,Greenwich,77,99,73,89
153027,Greenwich,70,85,89,64
119791,Greenwich,91,79,68,74
329467,Greenwich,76,70,65,98
224535,Greenwich,74,73,78,76
332889,Greenwich,88,61,60,78
249385,Greenwich,88,99,99,90
379976,Greenwich,61,92,88,69
201721,Greenwich,70,83,70,77
342054,Greenwich,87,84,63,81
247730,Greenwich,88,93,70,74
204700,Greenwich,78,82,90,69
231074,Greenwich,62,84,80,82
351968,Greenwich,97,68,78,90
390740,Greenwich,93,78,67,62
153787,Greenwich,94,92,73,80
165368,Greenwich,83,75,96,63
143975,Greenwich,77,77,90,74
243022,Greenwich,75,84,61,65
148085,Greenwich,88,98,71,78
336521,Greenwich,74,69,95,71
307857,Greenwich,83,90,84,81
114779,Greenwich,76,76,66,60
275789,Greenwich,68,94,81,67
172142,Greenwich,81,64,82,77
347703,Greenwich,67,77,60,92
172768,Greenwich,70,61,88,64
109964,Greenwich,77,90,96,82
387732,Greenwich,97,89,69,83
158294,Greenwich,84,96,67,66
224592,Greenwich,97,95,84,87
257890,Greenwich,67,72,99,97
325045,Greenwich,91,85,65,85
284978,Greenwich,61,90,82,73
198207,Greenwich,89,76,64,95
365986,Greenwich,97,62,87,94
390536,Greenwich,85,77,77,74
346487,Greenwich,99,64,85,95
135421,Greenwich,98,74,61,99
280776,Greenwich,90,84,92,66
169946,Greenwich,67,97,76,62
133083,Greenwich,85,87,84,65
122968,Greenwich,71,66,97,88
204580,Greenwich,82,86,60,62
262570,Greenwich,84,95,81,87
308785,Greenwich,95,65,73,92
348198,Greenwich,88,77,72,69
200194,Greenwich,65,88,72,62
274025,Greenwich,96,70,95,83
243245,Greenwich,91,85,89,91
330549,Greenwich,88,97,96,80
143313,Greenwich,79,81,69,65
322561,Greenwich,96,66,77,60
325763,Greenwich,87,60,68,93
153791,Greenwich,93,62,62,79
271925,Greenwich,61,66,61,61
323408,Greenwich,65,75,63,91
122207,Greenwich,99,92,85,87
243947,Greenwich,92,76,87,96
139344,Greenwich,85,64,90,93
183880,Greenwich,82,73,74,80
174858,Greenwich,73,90,96,79
397400,Greenwich,61,86,74,95
116980,Greenwich,98,74,80,82
140311,Greenwich,94,93,60,97
246114,Greenwich,95,72,87,74
159480,Greenwich,90,93,97,83
333976,Greenwich,89,97,85,68
249725,Greenwich,64,67,88,98
164298,Greenwich,71,76,66,83
171161,Greenwich,60,96,71,67
267557,Greenwich,96,80,62,96
289527,Greenwich,79,80,82,77
217568,Greenwich,88,93,65,87
205372,Greenwich,94,65,78,64
172812,Greenwich,65,76,72,89
315375,Greenwich,82,81,66,82
138667,Greenwich,67,88,74,76
138884,Greenwich,67,77,97,90
344231,Greenwich,91,60,61,76
195402,Greenwich,60,63,66,67
165097,Greenwich,76,87,63,82
248924,Greenwich,60,96,86,70
388800,Greenwich,73,77,66,65
258768,Greenwich,87,93,74,68
379697,Greenwich,61,63,64,87
148984,Greenwich,65,62,88,78
363494,Greenwich,68,66,94,87
189759,Greenwich,72,99,67,97
210525,Greenwich,63,73,88,66
251872,Greenwich,72,86,70,67
175324,Greenwich,88,60,82,66
267414,Greenwich,92,89,61,94
281074,Greenwich,91,77,83,74
309043,Greenwich,94,76,90,87
164237,Greenwich,68,93,61,98
252155,Greenwich,87,60,62,61
183729,Greenwich,71,75,88,72
183542,Greenwich,74,87,67,61
361235,Greenwich,95,60,66,63
112152,Greenwich,75,66,80,73
147212,Greenwich,74,74,62,79
306173,Greenwich,84,93,77,84
247512,Greenwich,78,61,60,96
291773,Greenwich,95,65,78,99
150689,Greenwich,63,92,96,67
123753,Greenwich,69,88,61,70
173286,Greenwich,83,66,76,60
257177,Greenwich,64,95,63,89
273665,Greenwich,80,69,88,62
331232,Greenwich,77,69,61,88
179394,Greenwich,70,97,75,61
132654,Greenwich,97,96,98,78
208707,Greenwich,95,83,75,95
353850,Greenwich,64,76,68,85
217896,Greenwich,67,68,81,67
208674,Greenwich,81,90,68,86
266221,Greenwich,61,77,81,74
243371,Greenwich,76,74,69,68
299070,Greenwich,89,96,84,85
176796,Greenwich,95,85,91,83
252281,Greenwich,64,84,94,73
141435,Greenwich,88,85,93,76
212191,Greenwich,71,61,93,94
394660,Greenwich,67,92,89,74
242408,Greenwich,79,71,98,80
225453,Greenwich,89,94,94,65
378419,Greenwich,99,66,63,99
222074,Greenwich,79,75,77,63
152533,Greenwich,60,60,99,88
316689,Greenwich,89,84,78,96
388544,Greenwich,67,98,83,74
182807,Greenwich,98,87,84,93
204573,Greenwich,71,75,71,81
221751,Greenwich,82,66,65,83
380574,Greenwich,61,92,76,83
119556,Greenwich,80,85,96,62
119053,Greenwich,60,85,67,74
308140,Greenwich,70,70,83,88
359724,Greenwich,62,61,72,88
104859,Greenwich,77,85,75,98
397776,Greenwich,94,72,91,96
156257,Greenwich,81,73,65,99
338210,Greenwich,96,85,77,79
170360,Greenwich,94,99,96,72
345378,Greenwich,83,68,76,92
243046,Greenwich,89,82,60,98
201089,Greenwich,73,74,84,87
185194,Greenwich,75,76,69,68
324240,Greenwich,77,78,71,87
271929,Greenwich,79,65,93,72
310153,Greenwich,69,95,94,66
150010,Greenwich,84,81,74,87
223891,Greenwich,93,64,81,88
183738,Greenwich,71,62,61,71
363466,Greenwich,91,65,74,92
263043,Greenwich,87,76,64,77
180314,Greenwich,91,83,87,91
229744,Greenwich,93,69,99,62
140949,Greenwich,74,71,78,95
158830,Greenwich,82,63,98,75
365021,Greenwich,94,80,96,60
205989,Greenwich,80,81,66,77
186265,Greenwich,66,64,66,76
129170,Greenwich,98,71,68,83
395652,Greenwich,94,69,75,69
392971,Greenwich,86,79,98,60
233409,Greenwich,96,73,71,63
123745,Greenwich,86,89,95,98
320391,Greenwich,80,65,71,65
296326,Greenwich,77,76,60,63
166767,Greenwich,88,71,62,88
216754,Greenwich,88,86,84,73
111920,Greenwich,80,91,86,87
342748,Greenwich,76,84,84,85
385447,Greenwich,68,70,83,66
341501,Greenwich,99,90,75,95
244520,Greenwich,70,92,95,99
108203,Greenwich,74,96,73,64
152899,Greenwich,78,77,70,89
117604,Greenwich,64,83,76,74
125521,Greenwich,60,89,85,75
173472,Greenwich,83,72,66,68
251658,Greenwich,83,84,73,81
267198,Greenwich,64,78,68,62
224206,Greenwich,80,96,76,80
175110,Greenwich,90,78,65,65
391881,Greenwich,87,93,84,94
280573,Greenwich,69,72,63,90
374970,Greenwich,91,88,87,99
297374,Greenwich,84,70,81,98
226337,Greenwich,62,96,89,77
316362,Greenwich,95,85,86,77
392179,Greenwich,86,71,94,75
148478,Greenwich,69,69,81,99
127021,Greenwich,99,66,84,98
209519,Greenwich,79,60,97,61
211049,Greenwich,94,96,64,90
351093,Greenwich,98,80,98,86
344321,Greenwich,88,87,91,62
390095,Greenwich,81,97,60,84
318932,Greenwich,96,63,72,97
202861,Greenwich,78,67,84,98
228834,Greenwich,84,74,73,71
388696,Greenwich,67,88,95,85
276981,Greenwich,75,78,86,79
356179,Greenwich,60,71,74,82
188203,Greenwich,60,77,84,90
188744,Greenwich,99,99,73,79
117734,Greenwich,86,62,83,69
135635,Greenwich,85,88,75,77
179184,Greenwich,71,74,67,82
365150,Greenwich,73,71,90,93
339081,Greenwich,93,64,99,95
295665,Greenwich,79,93,73,94
353339,Greenwich,75,98,98,87
103467,Greenwich,78,76,65,70
106214,Greenwich,79,98,71,93
377568,Greenwich,83,97,99,96
250308,Greenwich,96,63,85,85
363306,Greenwich,80,63,92,62
232340,Greenwich,63,83,86,93
308089,Greenwich,62,72,67,80
340648,Greenwich,63,75,95,78
257274,Greenwich,77,62,88,88
298844,Greenwich,81,63,83,60
389775,Greenwich,71,90,92,78
189855,Greenwich,95,82,74,80
143352,Greenwich,78,87,90,81
376908,Greenwich,70,96,76,91
210844,Greenwich,65,89,76,92
117251,Greenwich,98,63,94,68
397112,Greenwich,78,97,67,74
383411,Greenwich,85,80,86,64
115533,Greenwich,60,78,93,96
286548,Greenwich,79,92,64,68
389952,Greenwich,83,88,97,76
326413,Greenwich,95,69,83,73
138539,Greenwich,87,80,74,70
299230,Greenwich,73,79,74,76
266031,Greenwich,75,87,74,89
289111,Greenwich,90,64,73,99
261621,Greenwich,68,88,86,63
288701,Greenwich,79,92,88,88
241436,Greenwich,77,60,68,78
145769,Greenwich,92,94,64,95
335324,Greenwich,65,84,87,82
154156,Greenwich,79,82,62,99
270095,Greenwich,73,61,79,95
106471,Greenwich,80,78,85,80
253013,Greenwich,77,66,77,72
188911,Greenwich,84,76,93,82
244684,Greenwich,98,64,96,77
257157,Greenwich,76,71,68,84
231964,Greenwich,93,68,85,91
229285,Greenwich,60,63,90,76
202524,Greenwich,80,73,82,74
171036,Greenwich,81,78,67,79
103549,Greenwich,69,77,81,94
307457,Greenwich,93,76,74,65
299172,Greenwich,98,83,79,67
275499,Greenwich,83,82,61,74
257515,Greenwich,69,74,67,83
205305,Greenwich,94,91,97,99
357430,Greenwich,63,81,60,60
297162,Greenwich,99,71,77,91
246959,Greenwich,80,79,93,72
204753,Greenwich,86,91,98,63
386067,Greenwich,99,98,67,83
314509,Greenwich,65,77,69,62
361779,Greenwich,98,67,86,96
172970,Greenwich,82,90,74,99
297652,Greenwich,69,68,96,76
310138,Greenwich,95,77,93,72
319311,Greenwich,67,87,60,68
288497,Greenwich,99,98,70,92
144556,Greenwich,79,84,93,63
395290,Greenwich,62,90,69,74
151699,Greenwich,87,83,67,72
333717,Greenwich,89,97,82,70
179034,Greenwich,71,69,85,98
280863,Greenwich,70,74,69,78
263521,Greenwich,90,93,76,96
338726,Greenwich,64,73,78,86
208459,Greenwich,84,65,96,96
373215,Greenwich,62,96,82,71
282610,Greenwich,63,62,72,93
151183,Greenwich,79,81,70,82
135219,Greenwich,94,71,78,89
257425,Greenwich,87,88,63,72
123427,Greenwich,88,76,81,73
111842,Greenwich,97,72,96,83
279872,Greenwich,65,61,98,77
186169,Greenwich,70,69,92,84
370530,Greenwich,68,83,92,91
342250,Greenwich,87,68,85,85
307400,Greenwich,92,97,94,91
335707,Greenwich,93,94,69,79
303862,Greenwich,70,63,97,99
212616,Greenwich,81,99,81,73
245933,Greenwich,64,90,72,81
153348,Greenwich,89,99,74,88
270910,Greenwich,92,72,96,62
159746,Greenwich,93,76,94,69
295720,Greenwich,95,71,70,84
174113,Greenwich,71,72,72,63
172283,Greenwich,94,75,67,65
301175,Greenwich,72,94,79,68
197389,Greenwich,77,64,68,79
381742,Greenwich,92,85,66,88
356714,Greenwich,86,93,67,67
105025,Greenwich,89,91,71,65
359507,Greenwich,85,98,96,64
356220,Greenwich,78,82,86,72
143344,Greenwich,78,65,62,99
217883,Greenwich,78,88,80,79
251347,Greenwich,97,96,87,62
188190,Greenwich,95,92,90,64
367810,Greenwich,92,97,96,99
386447,Greenwich,87,75,71,77
322904,Greenwich,61,94,75,60
116899,Greenwich,89,89,99,73
224228,Greenwich,64,79,67,70
131121,Greenwich,94,64,76,81
315795,Greenwich,88,88,98,91
245398,Greenwich,99,92,83,61
169569,Greenwich,97,70,73,93
296699,Greenwich,62,70,73,69
336974,Greenwich,81,77,92,99
148809,Greenwich,83,94,79,62
245871,Greenwich,60,87,91,68
355876,Greenwich,97,84,88,95
359374,Greenwich,60,90,65,77
248685,Greenwich,99,95,71,77
277081,Greenwich,73,80,86,97
168469,Greenwich,79,62,77,92
331361,Greenwich,96,75,95,68
339347,Greenwich,76,60,77,72
100355,Greenwich,83,75,64,99
324291,Greenwich,80,96,78,76
206074,Greenwich,98,62,77,66
183350,Greenwich,70,75,69,61
127152,Greenwich,67,70,67,97
147815,Greenwich,98,97,66,64
280132,Greenwich,61,69,94,60
321415,Greenwich,89,75,71,67
350453,Greenwich,95,79,98,74
146836,Greenwich,87,82,90,80
154108,Greenwich,79,88,73,91
264287,Greenwich,92,75,84,79
169807,Greenwich,88,73,97,81
135868,Greenwich,61,68,84,67
284124,Greenwich,68,87,86,80
331937,Greenwich,79,88,68,83
164570,Greenwich,97,61,80,83
264891,Greenwich,99,60,63,69
245211,Greenwich,71,84,89,92
371450,Greenwich,84,71,73,64
361926,Greenwich,89,89,90,76
289320,Greenwich,62,81,97,99
302815,Greenwich,82,60,65,66
386449,Greenwich,95,83,72,68
190582,Greenwich,92,87,95,87
138269,Greenwich,98,75,93,61
108751,Greenwich,93,99,65,66
131704,Greenwich,60,93,92,62
362694,Greenwich,88,85,94,75
143216,Greenwich,87,94,99,84
180049,Greenwich,86,70,90,97
143829,Greenwich,97,93,87,85
141431,Greenwich,67,82,92,85
304856,Greenwich,63,85,66,96
262619,Greenwich,89,96,96,78
130360,Greenwich,70,66,81,82
160811,Greenwich,86,95,90,66
106641,Greenwich,96,94,68,63
171939,Greenwich,96,89,97,67
105951,Greenwich,94,95,81,96
185896,Greenwich,82,84,82,90
371174,Greenwich,68,64,60,99
235921,Greenwich,88,81,89,92
166549,Greenwich,91,95,92,87
161896,Greenwich,63,63,81,76
397212,Greenwich,60,75,76,74
182476,Greenwich,94,90,88,77
106443,Greenwich,99,79,99,71
347341,Greenwich,78,96,96,95
178688,Greenwich,80,63,74,70
319871,Greenwich,76,73,79,76
217711,Greenwich,96,71,68,61
140836,Greenwich,71,76,76,75
295459,Greenwich,70,68,92,75
127616,Greenwich,64,95,86,88
217014,Greenwich,79,68,65,60
248011,Greenwich,91,88,78,60
262896,Greenwich,65,74,87,98
271600,Greenwich,95,88,82,80
205210,Greenwich,74,73,63,63
252880,Greenwich,86,62,97,82
395598,Greenwich,70,97,66,84
358664,Greenwich,87,72,68,94
202458,Greenwich,63,63,79,88
386555,Greenwich,66,73,75,71
228518,Greenwich,94,92,76,60
178941,Greenwich,68,87,81,60
383926,Greenwich,91,64,91,81
105031,Greenwich,78,68,67,85
275646,Greenwich,97,91,80,85
207581,Greenwich,75,88,62,73
357965,Greenwich,81,68,87,68
123017,Greenwich,71,84,69,94
340365,Greenwich,89,68,77,69
170000,Greenwich,85,91,82,69
139233,Greenwich,66,72,98,62
328057,Greenwich,62,84,87,76
236835,Greenwich,96,66,98,71
265156,Greenwich,60,65,65,83
139158,Greenwich,68,71,88,93
157134,Greenwich,94,70,83,91
264644,Greenwich,73,95,92,81
287846,Greenwich,97,89,91,74
162870,Greenwich,72,84,91,82
121145,Greenwich,97,74,80,67
212733,Greenwich,75,67,69,90
230139,Greenwich,93,99,84,67
307747,Greenwich,97,85,81,91
369201,Greenwich,61,86,63,67
191157,Greenwich,90,92,90,82
312018,Greenwich,98,96,98,88
391480,Greenwich,67,92,65,92
230995,Greenwich,73,82,61,92
149664,Greenwich,86,66,83,66
106269,Greenwich,76,64,88,98
132333,Greenwich,89,87,71,78
235697,Greenwich,81,72,78,78
133802,Greenwich,82,82,89,92
203679,Greenwich,91,92,89,91
341695,Greenwich,73,92,69,78
126549,Greenwich,87,85,85,93
188075,Greenwich,83,60,79,66
323695,Greenwich,82,77,69,69
244170,Greenwich,73,76,86,79
246725,Greenwich,93,88,77,79
131971,Greenwich,91,81,90,64
230626,Greenwich,64,68,63,65
385033,Greenwich,88,74,70,92
300540,Greenwich,70,84,84,75
268614,Greenwich,77,78,73,60
267184,Greenwich,71,71,76,67
247290,Greenwich,82,70,95,84
222035,Greenwich,84,86,76,99
183690,Greenwich,69,87,96,76
229949,Greenwich,80,77,62,73
288106,Greenwich,80,94,93,71
395493,Greenwich,71,69,72,71
357130,Greenwich,73,99,86,83
221962,Greenwich,77,73,69,69
376011,Greenwich,95,62,66,82
100359,Greenwich,61,77,73,83
168415,Greenwich,68,82,62,80
111489,Greenwich,95,65,64,74
177444,Greenwich,82,95,69,99
375931,Greenwich,83,99,94,96
295870,Greenwich,95,98,97,63
152970,Greenwich,62,61,94,72
217041,Greenwich,69,61,70,95
116978,Greenwich,73,82,62,88
195464,Greenwich,69,61,83,86
281829,Greenwich,95,88,94,66
276030,Greenwich,79,84,77,82
334163,Greenwich,87,61,90,84
239048,Greenwich,76,85,80,88
100672,Greenwich,96,78,88,67
125244,Greenwich,65,71,89,74
302343,Greenwich,66,84,85,74
358517,Greenwich,92,64,86,75
284147,Greenwich,71,81,99,95
386274,Greenwich,75,98,97,79
351391,Greenwich,72,79,74,89
185279,Greenwich,95,64,69,94
117518,Greenwich,70,92,76,61
386810,Greenwich,93,99,96,61
182368,Greenwich,85,75,95,70
199607,Greenwich,79,66,88,63
150288,Greenwich,66,88,75,90
357399,Greenwich,70,84,62,64
324189,Greenwich,90,73,92,72
145943,Greenwich,87,88,90,95
252994,Greenwich,79,92,61,65
142959,Greenwich,70,98,71,89
308388,Greenwich,93,92,63,88
333715,Greenwich,90,69,86,85
238043,Greenwich,62,83,75,96
240804,Greenwich,92,85,86,93
144936,Greenwich,90,94,73,62
348945,Greenwich,77,86,65,78
223545,Greenwich,78,79,61,91
256685,Greenwich,97,61,63,88
370962,Greenwich,93,65,86,96
163063,Greenwich,61,60,60,91
335427,Greenwich,93,96,75,62
190639,Greenwich,67,65,70,91
141088,Greenwich,60,83,81,88
328272,Greenwich,98,90,67,67
235207,Greenwich,83,76,78,77
267641,Greenwich,81,73,84,77
135134,Greenwich,88,99,97,66
145628,Greenwich,81,95,80,97
308329,Greenwich,69,84,78,62
389436,Greenwich,95,91,61,97
270985,Greenwich,96,77,73,63
244809,Greenwich,87,77,91,95
340207,Greenwich,80,85,87,68
106483,Greenwich,83,68,98,99
373973,Greenwich,99,94,99,76
178456,Greenwich,81,78,67,73
397059,Greenwich,86,87,85,86
155384,Greenwich,62,70,86,83
395009,Greenwich,72,90,77,89
380827,Greenwich,68,89,68,84
311275,Greenwich,89,61,66,79
310617,Greenwich,94,74,96,95
110608,Greenwich,86,67,82,78
258889,Greenwich,63,70,62,91
357751,Greenwich,85,73,87,95
151495,Greenwich,79,69,76,96
170457,Greenwich,69,68,69,69
198533,Greenwich,88,87,71,68
296037,Greenwich,71,74,72,72
134403,Greenwich,66,91,89,99
171120,Greenwich,80,63,64,90
339311,Greenwich,87,67,79,67
243644,Greenwich,94,65,98,79
364832,Greenwich,62,62,81,76
333887,Greenwich,88,74,82,61
193105,Greenwich,83,82,79,71
147392,Greenwich,64,73,99,66
114392,Greenwich,65,76,81,65
216052,Greenwich,98,86,90,81
314700,Greenwich,62,83,92,87
104666,Greenwich,87,99,80,93
348564,Greenwich,71,74,95,95
217320,Greenwich,72,60,85,67
232326,Greenwich,82,77,63,87
244378,Greenwich,96,87,89,75
232120,Greenwich,95,80,75,69
214405,Greenwich,98,93,81,77
372965,Greenwich,80,94,92,99
368181,Greenwich,90,73,75,73
394366,Greenwich,91,87,60,69
248205,Greenwich,93,83,68,74
156678,Greenwich,76,67,62,88
133470,Greenwich,91,86,87,88
245168,Greenwich,63,93,94,84
236917,Greenwich,84,89,82,64
256653,Greenwich,80,67,76,63
178607,Greenwich,97,85,75,62
129767,Greenwich,95,66,79,76
311864,Greenwich,76,99,83,69
236015,Greenwich,98,97,97,82
312127,Greenwich,60,77,98,82
303568,Greenwich,82,84,80,93
118518,Greenwich,98,66,99,78
279919,Greenwich,88,64,71,74
287956,Greenwich,65,78,74,86
257389,Greenwich,79,70,66,83
194968,Greenwich,71,82,97,92
151173,Greenwich,76,82,96,89
393094,Greenwich,95,68,76,65
275969,Greenwich,91,84,70,60
236609,Greenwich,93,69,85,76
128143,Greenwich,65,73,61,99
137338,Greenwich,92,92,96,60
300105,Greenwich,64,81,94,88
377788,Greenwich,86,62,70,64
128345,Greenwich,99,70,68,78
205014,Greenwich,78,65,98,66
398532,Greenwich,69,89,78,66
192707,Greenwich,96,67,81,89
264320,Greenwich,67,96,85,82
350296,Greenwich,76,68,64,65
379856,Greenwich,87,74,67,92
204551,Greenwich,73,79,90,72
295613,Greenwich,64,84,71,60
199918,Greenwich,64,81,85,62
102163,Greenwich,89,67,85,92
218629,Greenwich,63,94,95,76
263627,Greenwich,72,67,60,96
167597,Greenwich,79,96,74,82
252478,Greenwich,88,75,76,95
339037,Greenwich,83,88,89,76
277123,Greenwich,67,88,80,95
356995,Greenwich,76,64,80,69
186447,Greenwich,64,72,83,76
364574,Greenwich,71,70,61,78
292200,Greenwich,69,84,77,87
119590,Greenwich,93,84,76,62
296709,Greenwich,84,70,97,73
234108,Greenwich,94,95,82,77
125146,Greenwich,83,73,69,74
156683,Greenwich,69,98,72,78
207739,Greenwich,79,75,67,66
241546,Greenwich,62,88,76,74
171914,Greenwich,65,98,96,66
368218,Greenwich,69,98,83,76
155713,Greenwich,65,93,72,86
208892,Greenwich,95,99,74,85
222949,Greenwich,84,79,82,60
106685,Greenwich,60,96,62,71
359053,Greenwich,68,67,97,93
147230,Greenwich,78,73,78,63
221195,Greenwich,91,90,76,87
339470,Greenwich,91,96,99,68
323345,Greenwich,63,98,96,87
105072,Greenwich,85,76,71,62
272313,Greenwich,87,92,74,69
240672,Greenwich,99,86,98,74
295362,Greenwich,82,82,61,73
279686,Greenwich,91,88,65,74
339358,Greenwich,70,78,62,84
353061,Greenwich,72,98,72,86
195033,Greenwich,97,84,80,97
288010,Greenwich,86,77,61,74
115109,Greenwich,67,74,89,88
353273,Greenwich,68,65,66,73
375156,Greenwich,61,85,62,90
230326,Greenwich,93,64,85,71
352670,Greenwich,81,82,83,84
128609,Greenwich,66,67,73,67
106106,Greenwich,83,79,80,72
273485,Greenwich,97,66,70,97
311434,Greenwich,80,79,69,77
141330,Greenwich,62,89,77,61
339185,Greenwich,80,99,99,82
338268,Greenwich,81,65,71,82
393681,Greenwich,82,67,62,74
151086,Greenwich,62,66,75,73
216260,Greenwich,89,60,82,94
278970,Greenwich,68,80,68,60
253084,Greenwich,96,83,67,78
296027,Greenwich,91,76,71,95
233321,Greenwich,77,68,96,69
163306,Greenwich,92,63,94,70
213031,Greenwich,76,87,63,67
199919,Greenwich,73,82,71,74
170589,Greenwich,78,66,71,81
361530,Greenwich,74,70,74,79
125466,Greenwich,67,72,70,69
326918,Greenwich,68,90,67,77
353196,Greenwich,92,61,91,98
303113,Greenwich,60,63,93,93
364299,Greenwich,93,88,66,60
319501,Greenwich,60,75,77,60
169926,Greenwich,85,66,68,94
172447,Greenwich,76,97,79,96
316398,Greenwich,66,67,87,77
368590,Greenwich,72,72,79,92
387209,Greenwich,85,61,86,82
213951,Greenwich,98,65,60,89
205324,Greenwich,60,85,76,67
209950,Greenwich,76,66,68,99
364186,Greenwich,91,98,68,84
269021,Greenwich,75,78,79,97
